<?xml version="1.0"?>
<!DOCTYPE modification SYSTEM "http://www.simplemachines.org/xml/modification">
<modification xmlns="http://www.simplemachines.org/xml/modification" xmlns:smf="http://www.simplemachines.org/">
	<id>[SiNaN]:SimplePortal</id>
	<version>2.3.5</version>

	<file name="$boarddir/index.php">
		<operation>
			<search position="replace"><![CDATA[require_once($sourcedir . '/Security.php');]]></search>
			<add><![CDATA[require_once($sourcedir . '/Security.php');
require_once($sourcedir . '/Subs-Portal.php');]]></add>
		</operation>
		<operation>
			<search position="replace"><![CDATA[	// Is the forum in maintenance mode? (doesn't apply to administrators.)
	if (!empty($maintenance) && !allowedTo('admin_forum'))]]></search>
			<add><![CDATA[	// Load SimplePortal.
	sportal_init();

	// Is the forum in maintenance mode? (doesn't apply to administrators.)
	if (!empty($maintenance) && !allowedTo('admin_forum'))]]></add>
		</operation>
		<operation>
			<search position="replace"><![CDATA[		// Action and board are both empty... BoardIndex!]]></search>
			<add><![CDATA[		// Go catch it boy! Catch it!
		$sp_action = sportal_catch_action();
		if ($sp_action)
			return $sp_action;

		// Action and board are both empty... BoardIndex!]]></add>
		</operation>
		<operation>
			<search position="replace"><![CDATA[		'findmember' => array('Subs-Auth.php', 'JSMembers'),]]></search>
			<add><![CDATA[		'findmember' => array('Subs-Auth.php', 'JSMembers'),
		'forum' => array('BoardIndex.php', 'BoardIndex'),
		'portal' => array('PortalMain.php', 'sportal_main'),]]></add>
		</operation>
		<operation>
			<search position="replace"><![CDATA[		// Track forum statistics and hits...?
		if (!empty($modSettings['hitStats']))
			trackStats(array('hits' => '+'));]]></search>
			<add><![CDATA[		// Don't track stats of portal xml actions.
		if (empty($_REQUEST['action']) || $_REQUEST['action'] != 'portal' || !isset($_GET['xml']))
		{
			// Track forum statistics and hits...?
			if (!empty($modSettings['hitStats']))
				trackStats(array('hits' => '+'));
		}]]></add>
		</operation>
		<operation>
			<search position="replace"><![CDATA[	// Get the function and file to include - if it's not there, do the board index.]]></search>
			<add><![CDATA[	if (!empty($context['disable_sp']))
		unset($actionArray['portal'], $actionArray['forum']);

	// Get the function and file to include - if it's not there, do the board index.]]></add>
		</operation>
	</file>

	<file name="$boarddir/SSI.php">
		<operation>
			<search position="replace"><![CDATA[require_once($sourcedir . '/Security.php');]]></search>
			<add><![CDATA[require_once($sourcedir . '/Security.php');
require_once($sourcedir . '/Subs-Portal.php');]]></add>
		</operation>
		<operation>
			<search position="replace"><![CDATA[loadTheme(isset($ssi_theme) ? (int) $ssi_theme : 0);]]></search>
			<add><![CDATA[loadTheme(isset($ssi_theme) ? (int) $ssi_theme : 0);

// Load some SP stuff.
sportal_init();]]></add>
		</operation>
	</file>

	<file name="$sourcedir/Admin.php">
		<operation>
			<search position="replace"><![CDATA[		),
		'members' => array(]]></search>
			<add><![CDATA[		),
		'portal' => array(
			'title' => $txt['sp-adminCatTitle'],
			'permission' => array('sp_admin', 'sp_manage_settings', 'sp_manage_blocks', 'sp_manage_articles', 'sp_manage_pages', 'sp_manage_shoutbox'),
			'areas' => array(
				'portalconfig' => array(
					'label' => $txt['sp-adminConfiguration'],
					'file' => 'PortalAdminMain.php',
					'function' => 'sportal_admin_config_main',
					'icon' => 'configuration.png',
					'permission' => array('sp_admin', 'sp_manage_settings'),
					'subsections' => array(
						'information' => array($txt['sp-info_title']),
						'generalsettings' => array($txt['sp-adminGeneralSettingsName']),
						'blocksettings' => array($txt['sp-adminBlockSettingsName']),
						'articlesettings' => array($txt['sp-adminArticleSettingsName']),
					),
				),
				'portalblocks' => array(
					'label' => $txt['sp-blocksBlocks'],
					'file' => 'PortalAdminBlocks.php',
					'function' => 'sportal_admin_blocks_main',
					'icon' => 'blocks.png',
					'permission' => array('sp_admin', 'sp_manage_blocks'),
					'subsections' => array(
						'list' => array($txt['sp-adminBlockListName']),
						'add' => array($txt['sp-adminBlockAddName']),
						'header' => array($txt['sp-positionHeader']),
						'left' => array($txt['sp-positionLeft']),
						'top' => array($txt['sp-positionTop']),
						'bottom' => array($txt['sp-positionBottom']),
						'right' => array($txt['sp-positionRight']),
						'footer' => array($txt['sp-positionFooter']),
					),
				),
				'portalarticles' => array(
					'label' => $txt['sp-adminColumnArticles'],
					'file' => 'PortalAdminArticles.php',
					'function' => 'sportal_admin_articles_main',
					'icon' => 'articles.png',
					'permission' => array('sp_admin', 'sp_manage_articles'),
					'subsections' => array(
						'articles' => array($txt['sp-adminArticleListName']),
						'addarticle' => array($txt['sp-adminArticleAddName']),
						'categories' => array($txt['sp-adminCategoryListName']),
						'addcategory' => array($txt['sp-adminCategoryAddName']),
					),
				),
				'portalpages' => array(
					'label' => $txt['sp_admin_pages_title'],
					'file' => 'PortalAdminPages.php',
					'function' => 'sportal_admin_pages_main',
					'icon' => 'pages.png',
					'permission' => array('sp_admin', 'sp_manage_pages'),
					'subsections' => array(
						'list' => array($txt['sp_admin_pages_list']),
						'add' => array($txt['sp_admin_pages_add']),
					),
				),
				'portalshoutbox' => array(
					'label' => $txt['sp_admin_shoutbox_title'],
					'file' => 'PortalAdminShoutbox.php',
					'function' => 'sportal_admin_shoutbox_main',
					'icon' => 'shoutbox.png',
					'permission' => array('sp_admin', 'sp_manage_shoutbox'),
					'subsections' => array(
						'list' => array($txt['sp_admin_shoutbox_list']),
						'add' => array($txt['sp_admin_shoutbox_add']),
					),
				),
			),
		),
		'members' => array(]]></add>
		</operation>
		<operation>
			<search position="replace"><![CDATA['ManageSearchEngines', 'ManageServer', 'ManageSmileys',]]></search>
			<add><![CDATA['ManageSearchEngines', 'ManageServer', 'ManageSmileys', 'PortalAdminMain',]]></add>
		</operation>
		<operation>
			<search position="replace"><![CDATA[	foreach ($settings_search as $setting_area)]]></search>
			<add><![CDATA[	// We are more than "real freaking good" Grudge. ;P
	$settings_search = array_merge($settings_search, array(
		array('sportal_admin_general_settings', 'area=portalconfig;sa=generalsettings'),
		array('sportal_admin_block_settings', 'area=portalconfig;sa=blocksettings'),
		array('sportal_admin_article_settings', 'area=portalconfig;sa=articlesettings'),
	));

	foreach ($settings_search as $setting_area)]]></add>
		</operation>
	</file>

	<file name="$sourcedir/BoardIndex.php">
		<operation error="ignore">
			<search position="replace"><![CDATA[if (!empty($_GET))]]></search>
			<add><![CDATA[if (!empty($_GET) && $_GET !== array('action' => 'forum'))]]></add>
		</operation>
	</file>

	<file name="$sourcedir/Display.php">
		<operation>
			<search position="replace"><![CDATA[	// Is this topic sticky, or can it even be?]]></search>
			<add><![CDATA[	// Is this already an article?
	$request = $smcFunc['db_query']('','
		SELECT id_message
		FROM {db_prefix}sp_articles
		WHERE id_message = {int:message}',
		array(
			'message' => $context['topic_first_message'],
		)
	);
	list ($context['topic_is_article']) = $smcFunc['db_fetch_row']($request);
	$smcFunc['db_free_result']($request);

	// Is this topic sticky, or can it even be?]]></add>
		</operation>
	</file>

	<file name="$sourcedir/Help.php">
		<operation>
			<search position="replace"><![CDATA[	// Load the admin help language file and template.
	loadLanguage('Help');]]></search>
			<add><![CDATA[	// Load the admin help language file and template.
	loadLanguage('Help');
	// Load the Simple Portal Help file.
	loadLanguage('SPortalHelp', sp_languageSelect('SPortalHelp'));]]></add>
		</operation>
	</file>

	<file name="$sourcedir/Load.php">
		<operation>
			<search position="replace"><![CDATA[	// Verify the id_theme... no foul play.]]></search>
			<add><![CDATA[	global $sp_standalone;

	// Maybe we have a portal specific theme?
	if (!isset($_GET['action']) && !isset($_GET['board']) && !isset($_GET['topic']) && ($modSettings['sp_portal_mode'] == 1 || !empty($sp_standalone)) && !empty($modSettings['portaltheme']))
		$id_theme = (int) $modSettings['portaltheme'];

	// SMF doesn't seem to be liking -1...
	if ($id_theme == -1 && !empty($_SESSION['id_theme']))
	{
		unset($_SESSION['id_theme']);
		$id_theme = $modSettings['theme_guests'];
	}

	// Verify the id_theme... no foul play.]]></add>
		</operation>
		<operation>
			<search position="replace"><![CDATA[	// Wireless mode?  Load up the wireless stuff.]]></search>
			<add><![CDATA[	// We'll be on the safe side, and load our language here!
	loadLanguage('SPortal', '', false);
	$cur_language = isset($user_info['language']) ? $user_info['language'] : $language;
	if ($cur_language !== 'english')
		loadLanguage('SPortal', 'english', false);

	// Wireless mode?  Load up the wireless stuff.]]></add>
		</operation>
	</file>

	<file name="$sourcedir/ManagePermissions.php">
		<operation>
			<search position="replace"><![CDATA[			'pm_read' => array(false, 'pm', 'use_pm_system'),]]></search>
			<add><![CDATA[			'pm_read' => array(false, 'pm', 'use_pm_system'),
			'sp_admin' => array(false, 'sp', 'sp'),
			'sp_manage_settings' => array(false, 'sp', 'sp'),
			'sp_manage_blocks' => array(false, 'sp', 'sp'),
			'sp_manage_articles' => array(false, 'sp', 'sp'),
			'sp_manage_pages' => array(false, 'sp', 'sp'),
			'sp_manage_shoutbox' => array(false, 'sp', 'sp'),
			'sp_add_article' => array(false, 'sp', 'sp'),
			'sp_auto_article_approval' => array(false, 'sp', 'sp'),
			'sp_remove_article' => array(false, 'sp', 'sp'),]]></add>
		</operation>
		<operation>
			<search position="replace"><![CDATA[				'pm',]]></search>
			<add><![CDATA[				'pm',
				'sp',]]></add>
		</operation>
		<operation>
			<search position="replace"><![CDATA[				'use_pm_system',]]></search>
			<add><![CDATA[				'use_pm_system',
				'sp',]]></add>
		</operation>
	</file>

	<file name="$sourcedir/ManageServer.php">
		<operation>
			<search position="replace"><![CDATA[	loadLanguage('Help');]]></search>
			<add><![CDATA[	loadLanguage('Help');
	loadLanguage('SPortalHelp', sp_languageSelect('SPortalHelp'));]]></add>
		</operation>
	</file>

	<file name="$sourcedir/QueryString.php">
		<operation>
			<search position="replace"><![CDATA[	// If $scripturl is set to nothing, or the SID is not defined (SSI?) just quit.]]></search>
			<add><![CDATA[	// It's just a blue dream...
	if (function_exists('sp_query_string'))
		$buffer = sp_query_string($buffer);

	// If $scripturl is set to nothing, or the SID is not defined (SSI?) just quit.]]></add>
		</operation>
		<operation>
			<search position="replace"><![CDATA[\?(?:' . SID . '(?:;|&|&amp;))((?:board|topic]]></search>
			<add><![CDATA[\?(?:' . SID . '(?:;|&|&amp;))((?:board|topic|page]]></add>
		</operation>
		<operation>
			<search position="replace"><![CDATA[\?((?:board|topic]]></search>
			<add><![CDATA[\?((?:board|topic|page]]></add>
		</operation>
	</file>

	<file name="$sourcedir/Recent.php">
		<operation>
			<search position="replace"><![CDATA[				'href' => $scripturl . '#c' . $row['id_cat'],
				'link' => '<a href="' . $scripturl . '#c' . $row['id_cat'] . '">' . $row['cname'] . '</a>']]></search>
			<add><![CDATA[				'href' => $scripturl . '?action=forum#c' . $row['id_cat'],
				'link' => '<a href="' . $scripturl . '?action=forum#c' . $row['id_cat'] . '">' . $row['cname'] . '</a>']]></add>
		</operation>
		<operation>
			<search position="replace"><![CDATA[				'url' => $scripturl . '#c' . (int) $_REQUEST['c'],]]></search>
			<add><![CDATA[				'url' => $scripturl . '?action=forum#c' . (int) $_REQUEST['c'],]]></add>
		</operation>
		<operation>
			<search position="replace"><![CDATA[			'url' => $scripturl . '#c' . (int) $_REQUEST['c'][0],]]></search>
			<add><![CDATA[			'url' => $scripturl . '?action=forum#c' . (int) $_REQUEST['c'][0],]]></add>
		</operation>
	</file>

	<file name="$sourcedir/Subs.php">
		<operation>
			<search position="replace"><![CDATA[	static $disabled;]]></search>
			<add><![CDATA[	static $disabled, $default_disabled, $parse_tag_cache;]]></add>
		</operation>
		<operation>
			<search position="replace"><![CDATA[	// If we are not doing every tag then we don't cache this run.
	if (!empty($parse_tags) && !empty($bbc_codes))
	{
		$temp_bbc = $bbc_codes;
		$bbc_codes = array();
	}]]></search>
			<add><![CDATA[/*
	// If we are not doing every tag then we don't cache this run.
	if (!empty($parse_tags) && !empty($bbc_codes))
	{
		$temp_bbc = $bbc_codes;
		$bbc_codes = array();
	}
*/]]></add>
		</operation>
		<operation>
			<search position="replace"><![CDATA[	if (empty($bbc_codes) || $message === false || !empty($parse_tags))]]></search>
			<add><![CDATA[//	if (empty($bbc_codes) || $message === false || !empty($parse_tags))
	// I wish I didn't had to do this... puff...
	if (empty($bbc_codes) || $message === false)]]></add>
		</operation>
		<operation>
			<search position="replace"><![CDATA[			if (empty($parse_tags) || in_array($code['tag'], $parse_tags))
				$bbc_codes[substr($code['tag'], 0, 1)][] = $code;
		}
		$codes = null;
	}]]></search>
			<add><![CDATA[			// if (empty($parse_tags) || in_array($code['tag'], $parse_tags))
				$bbc_codes[substr($code['tag'], 0, 1)][] = $code;
		}
		$codes = null;
	}

	if ($parse_tags !== array() && is_array($parse_tags))
	{
		$temp_bbc = $bbc_codes;
		$tags_cache_id = implode(',', $parse_tags);

		if (!isset($default_disabled))
			$default_disabled = isset($disabled) ? $disabled : array();

		if (isset($parse_tag_cache[$tags_cache_id]))
			list ($bbc_codes, $disabled) = $parse_tag_cache[$tags_cache_id];
		else
		{
			foreach ($bbc_codes as $key_bbc => $bbc)
				foreach ($bbc as $key_code => $code)
					if (!in_array($code['tag'], $parse_tags))
					{
						$disabled[$code['tag']] = true;
						unset($bbc_codes[$key_bbc][$key_code]);
					}

			$parse_tag_cache = array($tags_cache_id => array($bbc_codes, $disabled));
		}
	}
	elseif (isset($default_disabled))
		$disabled = $default_disabled;

	if (strpos($message, '[cutoff]') !== false)
		$message = str_replace('[cutoff]', '', $message);]]></add>
		</operation>
		<operation>
			<search position="replace"><![CDATA[				$data = parse_bbc($data, !empty($tag['parsed_tags_allowed']) ? false : true, '', !empty($tag['parsed_tags_allowed']) ? $tag['parsed_tags_allowed'] : array());]]></search>
			<add><![CDATA[			{
				$data = parse_bbc($data, !empty($tag['parsed_tags_allowed']) ? false : true, '', !empty($tag['parsed_tags_allowed']) ? $tag['parsed_tags_allowed'] : array());
				// Unfortunately, this is the only way to deal with such a failure of a function...
				parse_bbc('sp');
			}]]></add>
		</operation>
		<operation>
			<search position="replace"><![CDATA['admin_forum', 'manage_boards']]></search>
			<add><![CDATA['admin_forum', 'manage_boards', 'sp_admin', 'sp_manage_settings', 'sp_manage_blocks', 'sp_manage_articles', 'sp_manage_pages', 'sp_manage_shoutbox']]></add>
		</operation>
		<operation>
			<search position="replace"><![CDATA[cache_get_data('menu_buttons-' . implode('_', $user_info['groups']) . '-' . $user_info['language']]]></search>
			<add><![CDATA[cache_get_data('menu_buttons-' . implode('_', $user_info['groups']) . '-' . $user_info['language'] . '-' . empty($context['disable_sp'])]]></add>
		</operation>
		<operation>
			<search position="replace"><![CDATA[cache_put_data('menu_buttons-' . implode('_', $user_info['groups']) . '-' . $user_info['language']]]></search>
			<add><![CDATA[cache_put_data('menu_buttons-' . implode('_', $user_info['groups']) . '-' . $user_info['language'] . '-' . empty($context['disable_sp'])]]></add>
		</operation>
		<operation>
			<search position="replace"><![CDATA[			'home' => array(
				'title' => $txt['home'],
				'href' => $scripturl,
				'show' => true,
				'sub_buttons' => array(
				),
				'is_last' => $context['right_to_left'],
			),]]></search>
			<add><![CDATA[			'home' => array(
				'title' => $txt['home'],
				'href' => $modSettings['sp_portal_mode'] == 3 && empty($context['disable_sp']) ? $modSettings['sp_standalone_url'] : $scripturl,
				'show' => true,
				'sub_buttons' => array(
				),
				'is_last' => $context['right_to_left'],
			),
			'forum' => array(
				'title' => empty($txt['sp-forum']) ? 'Forum' : $txt['sp-forum'],
				'href' => $scripturl . ($modSettings['sp_portal_mode'] == 1 && empty($context['disable_sp']) ? '?action=forum' : ''),
				'show' => in_array($modSettings['sp_portal_mode'], array(1, 3)) && empty($context['disable_sp']),
				'sub_buttons' => array(
				),
			),]]></add>
		</operation>
		<operation>
			<search position="replace"><![CDATA[	$add = preg_match('~^(ftp|http)[s]?://~', $setLocation) == 0 && substr($setLocation, 0, 6) != 'about:';]]></search>
			<add><![CDATA[	$add = preg_match('~^(ftp|http)[s]?://~', $setLocation) == 0 && substr($setLocation, 0, 6) != 'about:';

	// Set the default redirect location as the forum or the portal.
	if ((empty($setLocation) || $scripturl == $setLocation) && ($modSettings['sp_portal_mode'] == 1 || $modSettings['sp_portal_mode'] == 3))
	{
		// Redirect the user to the forum.
		if (!empty($modSettings['sp_disableForumRedirect']))
			$setLocation = 'action=forum';
		// Redirect the user to the SSI.php standalone portal.
		elseif ($modSettings['sp_portal_mode'] == 3)
		{
			$setLocation = $context['portal_url'];
			$add = false;
		}
	}]]></add>
		</operation>
		<operation>
			<search position="replace"><![CDATA[	$current_action = 'home';]]></search>
			<add><![CDATA[	$current_action = $modSettings['sp_portal_mode'] == 3 && empty($context['standalone']) && empty($context['disable_sp']) ? 'forum' : 'home';]]></add>
		</operation>
		<operation>
			<search position="replace"><![CDATA[		$current_action = isset($_REQUEST['sa']) && $_REQUEST['sa'] == 'pick' ? 'profile' : 'admin';]]></search>
			<add><![CDATA[		$current_action = isset($_REQUEST['sa']) && $_REQUEST['sa'] == 'pick' ? 'profile' : 'admin';
	elseif(empty($context['disable_sp']) && ((isset($_GET['board']) || isset($_GET['topic']) || in_array($context['current_action'], array('unread', 'unreadreplies', 'recent', 'stats', 'who'))) && in_array($modSettings['sp_portal_mode'], array(1, 3))))
		$current_action = 'forum';]]></add>
		</operation>
		<operation>
			<search position="replace"><![CDATA[\?(?:' . SID . '(?:;|&|&amp;))((?:board|topic]]></search>
			<add><![CDATA[\?(?:' . SID . '(?:;|&|&amp;))((?:board|topic|page]]></add>
		</operation>
		<operation>
			<search position="replace"><![CDATA[\?((?:board|topic]]></search>
			<add><![CDATA[\?((?:board|topic|page]]></add>
		</operation>
	</file>

	<file name="$sourcedir/Subs-BoardIndex.php">
		<operation>
			<search position="replace"><![CDATA[				'href' => $scripturl . '#c' . $row_board['id_cat'],]]></search>
			<add><![CDATA[				'href' => $scripturl . '?action=forum#c' . $row_board['id_cat'],]]></add>
		</operation>
	</file>

	<file name="$sourcedir/Subs-Boards.php">
		<operation>
			<search position="replace"><![CDATA[		if (isset($_SESSION['topicseen_cache']))
			$_SESSION['topicseen_cache'] = array();

		redirectexit();]]></search>
			<add><![CDATA[		if (isset($_SESSION['topicseen_cache']))
			$_SESSION['topicseen_cache'] = array();

		redirectexit('action=forum');]]></add>
		</operation>
	</file>

	<file name="$sourcedir/Who.php">
		<operation>
			<search position="replace"><![CDATA[	// Actions that require a specific permission level.]]></search>
			<add><![CDATA[	global $scripturl;
	if ($modSettings['sp_portal_mode'] == 1)
	{
		$txt['who_index'] = sprintf($txt['sp_who_index'], $scripturl);
		$txt['whoall_forum'] = sprintf($txt['sp_who_forum'], $scripturl);
	}

	// Actions that require a specific permission level.]]></add>
		</operation>
		<operation>
			<search position="replace"><![CDATA[	$board_ids = array();]]></search>
			<add><![CDATA[	$board_ids = array();
	$page_ids = array();]]></add>
		</operation>
		<operation>
			<search position="replace"><![CDATA[			// It's the board index!!  It must be!]]></search>
			<add><![CDATA[			elseif (isset($actions['page']))
			{
				$data[$k] = $txt['who_hidden'];
				$page_ids[$actions['page']][$k] = $txt['sp_who_page'];
			}
			// It's the board index!!  It must be!]]></add>
		</operation>
		<operation>
			<search position="replace"><![CDATA[	// Load member names for the profile.]]></search>
			<add><![CDATA[	if (!empty($page_ids))
	{
		$numeric_ids = array();
		$string_ids = array();
		$page_where = array();

		foreach ($page_ids as $page_id => $dummy)
			if (is_numeric($page_id))
				$numeric_ids[] = (int) $page_id;
			else
				$string_ids[] = $page_id;

		if (!empty($numeric_ids))
			$page_where[] = 'id_page IN ({array_int:numeric_ids})';

		if (!empty($string_ids))
			$page_where[] = 'namespace IN ({array_string:string_ids})';

		$result = $smcFunc['db_query']('', '
			SELECT id_page, namespace, title, permission_set, groups_allowed, groups_denied
			FROM {db_prefix}sp_pages
			WHERE ' . implode(' OR ', $page_where) . '
			LIMIT {int:limit}',
			array(
				'numeric_ids' => $numeric_ids,
				'string_ids' => $string_ids,
				'limit' => count($page_ids),
			)
		);
		$page_data = array();
		while ($row = $smcFunc['db_fetch_assoc']($result))
		{
			if (!sp_allowed_to('page', $row['id_page'], $row['permission_set'], $row['groups_allowed'], $row['groups_denied']))
				continue;

			$page_data[] = array(
				'id' => $row['id_page'],
				'namespace' => $row['namespace'],
				'title' => $row['title'],
			);
		}
		$smcFunc['db_free_result']($result);

		if (!empty($page_data))
		{
			foreach ($page_data as $page)
			{
				if (isset($page_ids[$page['id']]))
					foreach ($page_ids[$page['id']] as $k => $session_text)
						$data[$k] = sprintf($session_text, $page['id'], censorText($page['title']), $scripturl);

				if (isset($page_ids[$page['namespace']]))
					foreach ($page_ids[$page['namespace']] as $k => $session_text)
						$data[$k] = sprintf($session_text, $page['namespace'], censorText($page['title']), $scripturl);
			}
		}
	}

	// Load member names for the profile.]]></add>
		</operation>
	</file>

	<file name="$themedir/Display.template.php">
		<operation>
			<search position="replace"><![CDATA[	// Show the page index... "Pages: [1]".]]></search>
			<add><![CDATA[	// Article related buttons...
	if (!empty($modSettings['articleactive']))
	{
		if ($context['can_add_article'] && !$context['topic_is_article'])
			$normal_buttons['add_article'] = array('text' => 'sp-add_article', 'image' => 'addarticle.gif', 'lang' => true, 'url' => $scripturl . '?action=portal;sa=addarticle;message=' . $context['topic_first_message'] . ';return=' . $context['current_topic'] . '.' . $context['start'] . ';sesc=' . $context['session_id']);
		if ($context['can_remove_article'] && $context['topic_is_article'])
			$normal_buttons['remove_article'] = array('text' => 'sp-remove_article', 'image' => 'removearticle.gif', 'lang' => true, 'url' => $scripturl . '?action=portal;sa=removearticle;message=' . $context['topic_first_message'] . ';return=' . $context['current_topic'] . '.' . $context['start'] . ';sesc=' . $context['session_id']);
	}

	// Show the page index... "Pages: [1]".]]></add>
		</operation>
	</file>

	<file name="$themedir/scripts/script.js">
		<operation>
			<search position="replace"><![CDATA['#c']]></search>
			<add><![CDATA['?action=forum#c']]></add>
		</operation>
	</file>

</modification>