<?xml version="1.0"?>
<!DOCTYPE package-info SYSTEM "http://www.simplemachines.org/xml/package-info">

<package-info xmlns="http://www.simplemachines.org/xml/package-info" xmlns:smf="http://www.simplemachines.org/">
	<id>PokemonStars:FacebooklikeTwittertweetGoogleplusplusone</id>
	<name>Add Facebook Like, Tweet, and Google +1</name>
	<version>1.0.3a</version>

	<type>modification</type>

	<install for="2.0 - 2.0.99">
		<modification>modification.xml</modification>
	</install>

	<uninstall for="2.0 - 2.0.99">
		<modification reverse="true">modification.xml</modification>
	</uninstall>
	
</package-info>

